{
    "model1_win_rate": 24.94742878990633,
    "model2_win_rate": 47.887593194417896,
    "tie_rate": 27.16497801567578
}