{
    "file": "benchmark_swa_602.json",
    "model1_win_rate": 20.59800664451827,
    "model2_win_rate": 50.498338870431894,
    "tie_rate": 28.903654485049834
}