{
    "file": "benchmark_kin_806.json",
    "model1_win_rate": 19.851116625310176,
    "model2_win_rate": 54.3424317617866,
    "tie_rate": 25.806451612903224
}