{
    "file": "benchmark_zul_602.json",
    "model1_win_rate": 23.754152823920265,
    "model2_win_rate": 49.16943521594684,
    "tie_rate": 27.07641196013289
}