{
    "file": "benchmark_hau_806.json",
    "model1_win_rate": 32.25806451612903,
    "model2_win_rate": 43.17617866004963,
    "tie_rate": 24.56575682382134
}