{
    "file": "benchmark.json",
    "model1_win_rate": 27.400000000000002,
    "model2_win_rate": 48.5,
    "tie_rate": 24.099999999999998
}