{
    "file": "benchmark_yor_602.json",
    "model1_win_rate": 24.25249169435216,
    "model2_win_rate": 45.348837209302324,
    "tie_rate": 30.398671096345513
}