{
    "file": "benchmark_ibo_806.json",
    "model1_win_rate": 24.317617866004962,
    "model2_win_rate": 44.41687344913151,
    "tie_rate": 31.265508684863523
}