{
    "model1_win_rate": 24.266455194290245,
    "model2_win_rate": 45.67803330689929,
    "tie_rate": 30.055511498810468
}