{
    "file": "benchmark_ibo_806.json",
    "model1_win_rate": 24.069478908188586,
    "model2_win_rate": 43.54838709677419,
    "tie_rate": 32.38213399503722
}