{
    "file": "benchmark_kin_806.json",
    "model1_win_rate": 22.332506203473944,
    "model2_win_rate": 49.50372208436725,
    "tie_rate": 28.16377171215881
}