{
    "file": "benchmark_zul_602.json",
    "model1_win_rate": 22.425249169435215,
    "model2_win_rate": 48.17275747508305,
    "tie_rate": 29.401993355481725
}