{
    "file": "benchmark_yor_602.json",
    "model1_win_rate": 26.744186046511626,
    "model2_win_rate": 42.857142857142854,
    "tie_rate": 30.398671096345513
}