{
    "file": "benchmark_hau_806.json",
    "model1_win_rate": 22.208436724565754,
    "model2_win_rate": 51.1166253101737,
    "tie_rate": 26.674937965260547
}