{
    "file": "benchmark_sample.json",
    "model1_win_rate": 28.57142857142857,
    "model2_win_rate": 57.14285714285714,
    "tie_rate": 14.285714285714285
}